caseId,suiteId,task,riskClass,variantId,weight,pass,expectedAction,actualPrimaryAction,llmCallCount,latencyMs,costUsd
lifeops-capability.calendar_extract__direct,lifeops-capability-coverage,calendar_extract,positive,direct,1,True,CALENDAR,CALENDAR_CREATE_EVENT,20,7289,0.10567
lifeops-capability.schedule_plan__direct,lifeops-capability-coverage,schedule_plan,positive,direct,1,True,PERSONAL_ASSISTANT,PERSONAL_ASSISTANT,12,4578,0.05194
lifeops-capability.reminder_dispatch__direct,lifeops-capability-coverage,reminder_dispatch,positive,direct,1,False,OWNER_REMINDERS,OWNER_ROUTINES_CREATE,12,5818,0.06091
lifeops-capability.inbox_triage__direct,lifeops-capability-coverage,inbox_triage,positive,direct,1,True,MESSAGE,CONNECTOR,16,5946,0.073071
lifeops-capability.meeting_prep__direct,lifeops-capability-coverage,meeting_prep,positive,direct,1,True,BRIEF,CALENDAR_NEXT_EVENT,12,6429,0.053049
lifeops-capability.morning_brief__direct,lifeops-capability-coverage,morning_brief,positive,direct,1,False,BRIEF,,0,0,0
lifeops-capability.health_checkin__direct,lifeops-capability-coverage,health_checkin,positive,direct,1,True,OWNER_HEALTH,OWNER_HEALTH_STATUS,10,3917,0.039936
lifeops-capability.screentime_recap__direct,lifeops-capability-coverage,screentime_recap,positive,direct,1,True,OWNER_SCREENTIME,OWNER_SCREENTIME_SUMMARY,10,3553,0.029662
workout-blocker-basic__direct,lifeops-self-care,reminder_dispatch,positive,direct,1,False,LIFE,BLOCK_BLOCK,10,5251,0.050154
workout-blocker-basic__adult-formal,lifeops-self-care,reminder_dispatch,positive,adult-formal,1,False,LIFE,BLOCK_BLOCK,10,4565,0.038183
workout-blocker-basic__childlike,lifeops-self-care,reminder_dispatch,positive,childlike,1.05,False,LIFE,BLOCK_BLOCK,10,4218,0.036982
workout-blocker-basic__broken-english,lifeops-self-care,reminder_dispatch,edge,broken-english,1.2,False,LIFE,BLOCK_BLOCK,10,3419,0.025062
workout-blocker-basic__naive-underspecified,lifeops-self-care,reminder_dispatch,edge,naive-underspecified,1.15,False,LIFE,OWNER_ROUTINES_CREATE,12,4774,0.049127
workout-blocker-basic__expert-shorthand,lifeops-self-care,reminder_dispatch,positive,expert-shorthand,1.1,False,LIFE,BLOCK_BLOCK,8,3716,0.043465
workout-blocker-basic__distracted-rambling,lifeops-self-care,reminder_dispatch,edge,distracted-rambling,1.15,False,LIFE,,0,0,0
workout-blocker-basic__voice-asr,lifeops-self-care,reminder_dispatch,edge,voice-asr,1.1,False,LIFE,BLOCK_BLOCK,10,3540,0.024696
workout-blocker-basic__self-correcting,lifeops-self-care,reminder_dispatch,edge,self-correcting,1.15,False,LIFE,BLOCK_BLOCK,10,3238,0.025396
workout-blocker-basic__subtle-null,lifeops-self-care,reminder_dispatch,null,subtle-null,2,True,,,4,1388,0.006548
stretch-breaks__direct,lifeops-self-care,reminder_dispatch,positive,direct,1,False,LIFE,OWNER_ROUTINES_CREATE,12,4260,0.039991
stretch-breaks__adult-formal,lifeops-self-care,reminder_dispatch,positive,adult-formal,1,False,LIFE,OWNER_ROUTINES_CREATE,12,3502,0.04044
stretch-breaks__childlike,lifeops-self-care,reminder_dispatch,positive,childlike,1.05,False,LIFE,OWNER_ROUTINES_CREATE,12,4285,0.043928
stretch-breaks__broken-english,lifeops-self-care,reminder_dispatch,edge,broken-english,1.2,False,LIFE,OWNER_ROUTINES_CREATE,12,3628,0.040254
stretch-breaks__naive-underspecified,lifeops-self-care,reminder_dispatch,edge,naive-underspecified,1.15,False,LIFE,SCHEDULED_TASKS_CREATE,20,8869,0.129224
stretch-breaks__expert-shorthand,lifeops-self-care,reminder_dispatch,positive,expert-shorthand,1.1,False,LIFE,,0,0,0
stretch-breaks__distracted-rambling,lifeops-self-care,reminder_dispatch,edge,distracted-rambling,1.15,False,LIFE,OWNER_ROUTINES_CREATE,12,3936,0.040112
stretch-breaks__voice-asr,lifeops-self-care,reminder_dispatch,edge,voice-asr,1.1,False,LIFE,OWNER_ROUTINES_CREATE,12,3460,0.040172
stretch-breaks__self-correcting,lifeops-self-care,reminder_dispatch,edge,self-correcting,1.15,False,LIFE,OWNER_ROUTINES_CREATE,12,5092,0.04036
stretch-breaks__subtle-null,lifeops-self-care,reminder_dispatch,null,subtle-null,2,True,,,4,1466,0.006336
goal-sleep-basic__direct,lifeops-self-care,health_checkin,positive,direct,1,False,LIFE,OWNER_GOALS_CREATE,10,3484,0.04146
goal-sleep-basic__adult-formal,lifeops-self-care,health_checkin,positive,adult-formal,1,False,LIFE,OWNER_GOALS_CREATE,10,3616,0.042541
goal-sleep-basic__childlike,lifeops-self-care,health_checkin,positive,childlike,1.05,False,LIFE,OWNER_GOALS_CREATE,10,3374,0.041899
goal-sleep-basic__broken-english,lifeops-self-care,health_checkin,edge,broken-english,1.2,False,LIFE,OWNER_GOALS_CREATE,10,4994,0.04199
goal-sleep-basic__naive-underspecified,lifeops-self-care,health_checkin,edge,naive-underspecified,1.15,False,LIFE,,0,0,0
goal-sleep-basic__expert-shorthand,lifeops-self-care,health_checkin,positive,expert-shorthand,1.1,False,LIFE,OWNER_GOALS_CREATE,10,3469,0.041783
goal-sleep-basic__distracted-rambling,lifeops-self-care,health_checkin,edge,distracted-rambling,1.15,False,LIFE,OWNER_GOALS_CREATE,10,4432,0.041816
goal-sleep-basic__voice-asr,lifeops-self-care,health_checkin,edge,voice-asr,1.1,False,LIFE,OWNER_GOALS_CREATE,10,5217,0.041602
goal-sleep-basic__self-correcting,lifeops-self-care,health_checkin,edge,self-correcting,1.15,False,LIFE,OWNER_GOALS_CREATE,10,4267,0.042608
goal-sleep-basic__subtle-null,lifeops-self-care,health_checkin,null,subtle-null,2,True,,,4,1458,0.006485
shower-weekly-basic__direct,lifeops-self-care,reminder_dispatch,positive,direct,1,False,LIFE,OWNER_ROUTINES_CREATE,12,4290,0.042942
shower-weekly-basic__adult-formal,lifeops-self-care,reminder_dispatch,positive,adult-formal,1,False,LIFE,OWNER_ROUTINES_CREATE,10,3413,0.038371
shower-weekly-basic__childlike,lifeops-self-care,reminder_dispatch,positive,childlike,1.05,False,LIFE,OWNER_ROUTINES_CREATE,10,6434,0.056964
shower-weekly-basic__broken-english,lifeops-self-care,reminder_dispatch,edge,broken-english,1.2,False,LIFE,OWNER_ROUTINES_CREATE,12,4107,0.043283
shower-weekly-basic__naive-underspecified,lifeops-self-care,reminder_dispatch,edge,naive-underspecified,1.15,False,LIFE,,0,0,0
shower-weekly-basic__expert-shorthand,lifeops-self-care,reminder_dispatch,positive,expert-shorthand,1.1,False,LIFE,OWNER_ROUTINES_CREATE,12,3296,0.043023
shower-weekly-basic__distracted-rambling,lifeops-self-care,reminder_dispatch,edge,distracted-rambling,1.15,False,LIFE,OWNER_ROUTINES_CREATE,12,3979,0.064167
shower-weekly-basic__voice-asr,lifeops-self-care,reminder_dispatch,edge,voice-asr,1.1,False,LIFE,OWNER_ROUTINES_CREATE,12,4523,0.064041
shower-weekly-basic__self-correcting,lifeops-self-care,reminder_dispatch,edge,self-correcting,1.15,False,LIFE,OWNER_ROUTINES_CREATE,12,5465,0.043345
shower-weekly-basic__subtle-null,lifeops-self-care,reminder_dispatch,null,subtle-null,2,True,,,4,1860,0.006499
shave-weekly-formal__direct,lifeops-self-care,reminder_dispatch,positive,direct,1,False,LIFE,OWNER_ROUTINES_CREATE,12,4475,0.042982
shave-weekly-formal__adult-formal,lifeops-self-care,reminder_dispatch,positive,adult-formal,1,False,LIFE,OWNER_ROUTINES_CREATE,12,6382,0.043104
shave-weekly-formal__childlike,lifeops-self-care,reminder_dispatch,positive,childlike,1.05,False,LIFE,OWNER_ROUTINES_CREATE,10,4101,0.056799
shave-weekly-formal__broken-english,lifeops-self-care,reminder_dispatch,edge,broken-english,1.2,False,LIFE,OWNER_ROUTINES_CREATE,12,5055,0.043105
shave-weekly-formal__naive-underspecified,lifeops-self-care,reminder_dispatch,edge,naive-underspecified,1.15,False,LIFE,,0,0,0
shave-weekly-formal__expert-shorthand,lifeops-self-care,reminder_dispatch,positive,expert-shorthand,1.1,False,LIFE,OWNER_ROUTINES_CREATE,12,4672,0.063736
shave-weekly-formal__distracted-rambling,lifeops-self-care,reminder_dispatch,edge,distracted-rambling,1.15,False,LIFE,OWNER_ROUTINES,12,6330,0.063702
shave-weekly-formal__voice-asr,lifeops-self-care,reminder_dispatch,edge,voice-asr,1.1,False,LIFE,OWNER_ROUTINES_CREATE,12,4465,0.063858
shave-weekly-formal__self-correcting,lifeops-self-care,reminder_dispatch,edge,self-correcting,1.15,False,LIFE,OWNER_ROUTINES_CREATE,10,8451,0.056986
shave-weekly-formal__subtle-null,lifeops-self-care,reminder_dispatch,null,subtle-null,2,True,,,4,1398,0.006371
brush-teeth-basic__direct,lifeops-self-care,reminder_dispatch,positive,direct,1,False,LIFE,OWNER_ROUTINES_CREATE,12,4237,0.045286
brush-teeth-basic__adult-formal,lifeops-self-care,reminder_dispatch,positive,adult-formal,1,False,LIFE,OWNER_ROUTINES,14,6157,0.095601
brush-teeth-basic__childlike,lifeops-self-care,reminder_dispatch,positive,childlike,1.05,False,LIFE,,0,0,0
brush-teeth-basic__broken-english,lifeops-self-care,reminder_dispatch,edge,broken-english,1.2,False,LIFE,OWNER_ROUTINES_CREATE,12,3784,0.045036
brush-teeth-basic__naive-underspecified,lifeops-self-care,reminder_dispatch,edge,naive-underspecified,1.15,False,LIFE,OWNER_ROUTINES_CREATE,12,4182,0.045395
brush-teeth-basic__expert-shorthand,lifeops-self-care,reminder_dispatch,positive,expert-shorthand,1.1,False,LIFE,OWNER_ROUTINES_CREATE,10,3341,0.039195
brush-teeth-basic__distracted-rambling,lifeops-self-care,reminder_dispatch,edge,distracted-rambling,1.15,False,LIFE,OWNER_ROUTINES_CREATE,10,6504,0.039302
brush-teeth-basic__voice-asr,lifeops-self-care,reminder_dispatch,edge,voice-asr,1.1,False,LIFE,OWNER_ROUTINES_CREATE,10,3547,0.039256
brush-teeth-basic__self-correcting,lifeops-self-care,reminder_dispatch,edge,self-correcting,1.15,False,LIFE,,0,0,0
brush-teeth-basic__subtle-null,lifeops-self-care,reminder_dispatch,null,subtle-null,2,True,,,4,1466,0.006434
brush-teeth-bedtime-wakeup__direct,lifeops-self-care,reminder_dispatch,positive,direct,1,False,LIFE,OWNER_ROUTINES_CREATE,12,4351,0.040042
brush-teeth-bedtime-wakeup__adult-formal,lifeops-self-care,reminder_dispatch,positive,adult-formal,1,False,LIFE,OWNER_ROUTINES_CREATE,12,3735,0.038914
brush-teeth-bedtime-wakeup__childlike,lifeops-self-care,reminder_dispatch,positive,childlike,1.05,False,LIFE,OWNER_ROUTINES_CREATE,12,5762,0.040425
brush-teeth-bedtime-wakeup__broken-english,lifeops-self-care,reminder_dispatch,edge,broken-english,1.2,False,LIFE,OWNER_ROUTINES_CREATE,12,4144,0.040272
brush-teeth-bedtime-wakeup__naive-underspecified,lifeops-self-care,reminder_dispatch,edge,naive-underspecified,1.15,False,LIFE,OWNER_ROUTINES_CREATE,12,5513,0.057147
brush-teeth-bedtime-wakeup__expert-shorthand,lifeops-self-care,reminder_dispatch,positive,expert-shorthand,1.1,False,LIFE,,0,0,0
brush-teeth-bedtime-wakeup__distracted-rambling,lifeops-self-care,reminder_dispatch,edge,distracted-rambling,1.15,False,LIFE,OWNER_ROUTINES_CREATE,12,6826,0.038814
brush-teeth-bedtime-wakeup__voice-asr,lifeops-self-care,reminder_dispatch,edge,voice-asr,1.1,False,LIFE,OWNER_ROUTINES_CREATE,12,5020,0.038813
brush-teeth-bedtime-wakeup__self-correcting,lifeops-self-care,reminder_dispatch,edge,self-correcting,1.15,False,LIFE,OWNER_ROUTINES_CREATE,12,5844,0.040466
brush-teeth-bedtime-wakeup__subtle-null,lifeops-self-care,reminder_dispatch,null,subtle-null,2,True,,,4,1717,0.006445
brush-teeth-night-owl__direct,lifeops-self-care,reminder_dispatch,positive,direct,1,False,LIFE,OWNER_ROUTINES_CREATE,16,5654,0.069639
brush-teeth-night-owl__adult-formal,lifeops-self-care,reminder_dispatch,positive,adult-formal,1,False,LIFE,OWNER_ROUTINES_CREATE,12,4293,0.038967
brush-teeth-night-owl__childlike,lifeops-self-care,reminder_dispatch,positive,childlike,1.05,False,LIFE,OWNER_ROUTINES_CREATE,12,7146,0.040528
brush-teeth-night-owl__broken-english,lifeops-self-care,reminder_dispatch,edge,broken-english,1.2,False,LIFE,OWNER_ROUTINES_CREATE,12,4692,0.040485
brush-teeth-night-owl__naive-underspecified,lifeops-self-care,reminder_dispatch,edge,naive-underspecified,1.15,False,LIFE,OWNER_ROUTINES_CREATE,10,6196,0.039019
brush-teeth-night-owl__expert-shorthand,lifeops-self-care,reminder_dispatch,positive,expert-shorthand,1.1,False,LIFE,OWNER_ROUTINES_CREATE,14,6671,0.06127
brush-teeth-night-owl__distracted-rambling,lifeops-self-care,reminder_dispatch,edge,distracted-rambling,1.15,False,LIFE,OWNER_ROUTINES_CREATE,10,3510,0.034456
brush-teeth-night-owl__voice-asr,lifeops-self-care,reminder_dispatch,edge,voice-asr,1.1,False,LIFE,,0,0,0
brush-teeth-night-owl__self-correcting,lifeops-self-care,reminder_dispatch,edge,self-correcting,1.15,False,LIFE,OWNER_ROUTINES_CREATE,12,4344,0.040948
brush-teeth-night-owl__subtle-null,lifeops-self-care,reminder_dispatch,null,subtle-null,2,True,,,4,1517,0.006635
brush-teeth-repeat-confirm__direct,lifeops-self-care,reminder_dispatch,positive,direct,1,False,LIFE,OWNER_ROUTINES_CREATE,12,4398,0.044799
brush-teeth-repeat-confirm__adult-formal,lifeops-self-care,reminder_dispatch,positive,adult-formal,1,False,LIFE,OWNER_ROUTINES,10,5771,0.050855
brush-teeth-repeat-confirm__childlike,lifeops-self-care,reminder_dispatch,positive,childlike,1.05,False,LIFE,OWNER_ROUTINES_CREATE,12,4375,0.045109
brush-teeth-repeat-confirm__broken-english,lifeops-self-care,reminder_dispatch,edge,broken-english,1.2,False,LIFE,OWNER_ROUTINES_CREATE,12,4631,0.045128
brush-teeth-repeat-confirm__naive-underspecified,lifeops-self-care,reminder_dispatch,edge,naive-underspecified,1.15,False,LIFE,OWNER_ROUTINES_CREATE,12,3534,0.045465
brush-teeth-repeat-confirm__expert-shorthand,lifeops-self-care,reminder_dispatch,positive,expert-shorthand,1.1,False,LIFE,OWNER_ROUTINES_CREATE,12,4137,0.045309
brush-teeth-repeat-confirm__distracted-rambling,lifeops-self-care,reminder_dispatch,edge,distracted-rambling,1.15,False,LIFE,OWNER_ROUTINES_CREATE,10,3457,0.039246
brush-teeth-repeat-confirm__voice-asr,lifeops-self-care,reminder_dispatch,edge,voice-asr,1.1,False,LIFE,,0,0,0
brush-teeth-repeat-confirm__self-correcting,lifeops-self-care,reminder_dispatch,edge,self-correcting,1.15,False,LIFE,OWNER_ROUTINES_CREATE,12,3701,0.045412
brush-teeth-repeat-confirm__subtle-null,lifeops-self-care,reminder_dispatch,null,subtle-null,2,True,,,4,1585,0.006431
brush-teeth-retry-after-cancel__direct,lifeops-self-care,reminder_dispatch,positive,direct,1,False,LIFE,OWNER_ROUTINES_CREATE,12,4310,0.054737
brush-teeth-retry-after-cancel__adult-formal,lifeops-self-care,reminder_dispatch,positive,adult-formal,1,False,LIFE,,5,3553,0.004249
brush-teeth-retry-after-cancel__childlike,lifeops-self-care,reminder_dispatch,positive,childlike,1.05,False,LIFE,OWNER_ROUTINES_CREATE,12,7704,0.0402
brush-teeth-retry-after-cancel__broken-english,lifeops-self-care,reminder_dispatch,edge,broken-english,1.2,False,LIFE,OWNER_ROUTINES_CREATE,12,3624,0.040231
brush-teeth-retry-after-cancel__naive-underspecified,lifeops-self-care,reminder_dispatch,edge,naive-underspecified,1.15,False,LIFE,OWNER_ROUTINES_CREATE,12,3437,0.040538
brush-teeth-retry-after-cancel__expert-shorthand,lifeops-self-care,reminder_dispatch,positive,expert-shorthand,1.1,False,LIFE,OWNER_ROUTINES_CREATE,10,3150,0.034148
brush-teeth-retry-after-cancel__distracted-rambling,lifeops-self-care,reminder_dispatch,edge,distracted-rambling,1.15,False,LIFE,OWNER_ROUTINES_CREATE,12,4939,0.055021
brush-teeth-retry-after-cancel__voice-asr,lifeops-self-care,reminder_dispatch,edge,voice-asr,1.1,False,LIFE,,0,0,0
brush-teeth-retry-after-cancel__self-correcting,lifeops-self-care,reminder_dispatch,edge,self-correcting,1.15,False,LIFE,OWNER_ROUTINES_CREATE,12,3940,0.04025
brush-teeth-retry-after-cancel__subtle-null,lifeops-self-care,reminder_dispatch,null,subtle-null,2,True,,,4,1534,0.006355
brush-teeth-cancel__direct,lifeops-self-care,reminder_dispatch,positive,direct,1,False,LIFE,OWNER_ROUTINES_CREATE,12,3765,0.040095
brush-teeth-cancel__adult-formal,lifeops-self-care,reminder_dispatch,positive,adult-formal,1,False,LIFE,OWNER_ROUTINES_CREATE,12,4970,0.03995
brush-teeth-cancel__childlike,lifeops-self-care,reminder_dispatch,positive,childlike,1.05,False,LIFE,OWNER_ROUTINES_CREATE,12,3268,0.039951
brush-teeth-cancel__broken-english,lifeops-self-care,reminder_dispatch,edge,broken-english,1.2,False,LIFE,OWNER_ROUTINES_CREATE,12,3305,0.040066
brush-teeth-cancel__naive-underspecified,lifeops-self-care,reminder_dispatch,edge,naive-underspecified,1.15,False,LIFE,OWNER_ROUTINES_CREATE,12,5346,0.053547
brush-teeth-cancel__expert-shorthand,lifeops-self-care,reminder_dispatch,positive,expert-shorthand,1.1,False,LIFE,,0,0,0
brush-teeth-cancel__distracted-rambling,lifeops-self-care,reminder_dispatch,edge,distracted-rambling,1.15,False,LIFE,OWNER_ROUTINES_CREATE,12,3712,0.04005
brush-teeth-cancel__voice-asr,lifeops-self-care,reminder_dispatch,edge,voice-asr,1.1,False,LIFE,OWNER_ROUTINES_CREATE,12,4903,0.054733
brush-teeth-cancel__self-correcting,lifeops-self-care,reminder_dispatch,edge,self-correcting,1.15,False,LIFE,OWNER_ROUTINES_CREATE,12,4547,0.040238
brush-teeth-cancel__subtle-null,lifeops-self-care,reminder_dispatch,null,subtle-null,2,True,,,4,1494,0.006381
brush-teeth-spanish__direct,lifeops-self-care,reminder_dispatch,positive,direct,1,False,LIFE,OWNER_ROUTINES_CREATE,12,4252,0.044938
brush-teeth-spanish__adult-formal,lifeops-self-care,reminder_dispatch,positive,adult-formal,1,False,LIFE,OWNER_ROUTINES_CREATE,16,6194,0.079654
brush-teeth-spanish__childlike,lifeops-self-care,reminder_dispatch,positive,childlike,1.05,False,LIFE,OWNER_ROUTINES_CREATE,12,5978,0.056252
brush-teeth-spanish__broken-english,lifeops-self-care,reminder_dispatch,edge,broken-english,1.2,False,LIFE,OWNER_ROUTINES_CREATE,12,4093,0.045301
brush-teeth-spanish__naive-underspecified,lifeops-self-care,reminder_dispatch,edge,naive-underspecified,1.15,False,LIFE,OWNER_ROUTINES_CREATE,12,11243,0.043769
brush-teeth-spanish__expert-shorthand,lifeops-self-care,reminder_dispatch,positive,expert-shorthand,1.1,False,LIFE,,0,0,0
brush-teeth-spanish__distracted-rambling,lifeops-self-care,reminder_dispatch,edge,distracted-rambling,1.15,False,LIFE,OWNER_ROUTINES_CREATE,12,5495,0.043706
brush-teeth-spanish__voice-asr,lifeops-self-care,reminder_dispatch,edge,voice-asr,1.1,False,LIFE,OWNER_ROUTINES_CREATE,12,3021,0.04501
brush-teeth-spanish__self-correcting,lifeops-self-care,reminder_dispatch,edge,self-correcting,1.15,False,LIFE,OWNER_ROUTINES_CREATE,12,8519,0.058036
brush-teeth-spanish__subtle-null,lifeops-self-care,reminder_dispatch,null,subtle-null,2,True,,,4,1486,0.006577
brush-teeth-smalltalk-preference__direct,lifeops-self-care,reminder_dispatch,null,direct,2,True,,,4,1580,0.00643
brush-teeth-smalltalk-preference__adult-formal,lifeops-self-care,reminder_dispatch,null,adult-formal,2,True,,,4,1410,0.006529
brush-teeth-smalltalk-preference__childlike,lifeops-self-care,reminder_dispatch,null,childlike,2,True,,,4,1490,0.006488
brush-teeth-smalltalk-preference__broken-english,lifeops-self-care,reminder_dispatch,null,broken-english,2,True,,,4,1813,0.006499
brush-teeth-smalltalk-preference__naive-underspecified,lifeops-self-care,reminder_dispatch,null,naive-underspecified,2,True,,,4,3142,0.006523
brush-teeth-smalltalk-preference__expert-shorthand,lifeops-self-care,reminder_dispatch,null,expert-shorthand,2,True,,,4,1729,0.006408
brush-teeth-smalltalk-preference__distracted-rambling,lifeops-self-care,reminder_dispatch,null,distracted-rambling,2,True,,,4,1498,0.006461
brush-teeth-smalltalk-preference__voice-asr,lifeops-self-care,reminder_dispatch,null,voice-asr,2,True,,,4,1444,0.006286
brush-teeth-smalltalk-preference__self-correcting,lifeops-self-care,reminder_dispatch,null,self-correcting,2,True,,,4,1658,0.006521
brush-teeth-smalltalk-preference__subtle-null,lifeops-self-care,reminder_dispatch,null,subtle-null,2,True,,,4,1548,0.006501
vitamins-with-meals__direct,lifeops-self-care,reminder_dispatch,positive,direct,1,False,LIFE,OWNER_ROUTINES_CREATE,12,4798,0.062858
vitamins-with-meals__adult-formal,lifeops-self-care,reminder_dispatch,positive,adult-formal,1,False,LIFE,,0,0,0
vitamins-with-meals__childlike,lifeops-self-care,reminder_dispatch,positive,childlike,1.05,False,LIFE,OWNER_ROUTINES_CREATE,12,8530,0.062946
vitamins-with-meals__broken-english,lifeops-self-care,reminder_dispatch,edge,broken-english,1.2,False,LIFE,OWNER_ROUTINES_CREATE,12,3802,0.044197
vitamins-with-meals__naive-underspecified,lifeops-self-care,reminder_dispatch,edge,naive-underspecified,1.15,False,LIFE,,0,0,0
vitamins-with-meals__expert-shorthand,lifeops-self-care,reminder_dispatch,positive,expert-shorthand,1.1,False,LIFE,OWNER_ROUTINES_CREATE,16,9707,0.077388
vitamins-with-meals__distracted-rambling,lifeops-self-care,reminder_dispatch,edge,distracted-rambling,1.15,False,LIFE,OWNER_ROUTINES_CREATE,12,9245,0.044158
vitamins-with-meals__voice-asr,lifeops-self-care,reminder_dispatch,edge,voice-asr,1.1,False,LIFE,OWNER_ROUTINES_CREATE,12,3647,0.043965
vitamins-with-meals__self-correcting,lifeops-self-care,reminder_dispatch,edge,self-correcting,1.15,False,LIFE,OWNER_ROUTINES_CREATE,12,6354,0.063011
vitamins-with-meals__subtle-null,lifeops-self-care,reminder_dispatch,null,subtle-null,2,True,,,4,1523,0.006507
water-default-frequency__direct,lifeops-self-care,reminder_dispatch,positive,direct,1,False,LIFE,OWNER_ROUTINES_CREATE,12,4120,0.041436
water-default-frequency__adult-formal,lifeops-self-care,reminder_dispatch,positive,adult-formal,1,False,LIFE,,0,0,0
water-default-frequency__childlike,lifeops-self-care,reminder_dispatch,positive,childlike,1.05,False,LIFE,OWNER_ROUTINES_CREATE,12,4344,0.038285
water-default-frequency__broken-english,lifeops-self-care,reminder_dispatch,edge,broken-english,1.2,False,LIFE,OWNER_ROUTINES_CREATE,12,3361,0.038279
water-default-frequency__naive-underspecified,lifeops-self-care,reminder_dispatch,edge,naive-underspecified,1.15,False,LIFE,,14,5383,0.091921
water-default-frequency__expert-shorthand,lifeops-self-care,reminder_dispatch,positive,expert-shorthand,1.1,False,LIFE,OWNER_ROUTINES_CREATE,12,3940,0.038236
water-default-frequency__distracted-rambling,lifeops-self-care,reminder_dispatch,edge,distracted-rambling,1.15,False,LIFE,OWNER_ROUTINES_CREATE,12,3377,0.038654
water-default-frequency__voice-asr,lifeops-self-care,reminder_dispatch,edge,voice-asr,1.1,False,LIFE,OWNER_ROUTINES_CREATE,12,3752,0.038207
water-default-frequency__self-correcting,lifeops-self-care,reminder_dispatch,edge,self-correcting,1.15,False,LIFE,OWNER_ROUTINES_CREATE,12,3872,0.041767
water-default-frequency__subtle-null,lifeops-self-care,reminder_dispatch,null,subtle-null,2,True,,,2,1739,0.003799
invisalign-weekday-lunch__direct,lifeops-self-care,reminder_dispatch,positive,direct,1,False,LIFE,,0,0,0
invisalign-weekday-lunch__adult-formal,lifeops-self-care,reminder_dispatch,positive,adult-formal,1,False,LIFE,OWNER_ROUTINES_CREATE,12,4731,0.041561
invisalign-weekday-lunch__childlike,lifeops-self-care,reminder_dispatch,positive,childlike,1.05,False,LIFE,OWNER_ROUTINES_CREATE,12,4074,0.062629
invisalign-weekday-lunch__broken-english,lifeops-self-care,reminder_dispatch,edge,broken-english,1.2,False,LIFE,OWNER_ROUTINES_CREATE,10,5681,0.051615
invisalign-weekday-lunch__naive-underspecified,lifeops-self-care,reminder_dispatch,edge,naive-underspecified,1.15,False,LIFE,OWNER_ROUTINES_CREATE,12,4808,0.059627
invisalign-weekday-lunch__expert-shorthand,lifeops-self-care,reminder_dispatch,positive,expert-shorthand,1.1,False,LIFE,OWNER_REMINDERS_CREATE,12,3226,0.04132
invisalign-weekday-lunch__distracted-rambling,lifeops-self-care,reminder_dispatch,edge,distracted-rambling,1.15,False,LIFE,OWNER_ROUTINES_CREATE,12,4255,0.059371
invisalign-weekday-lunch__voice-asr,lifeops-self-care,reminder_dispatch,edge,voice-asr,1.1,False,LIFE,OWNER_ROUTINES_CREATE,12,3694,0.041354
invisalign-weekday-lunch__self-correcting,lifeops-self-care,reminder_dispatch,edge,self-correcting,1.15,False,LIFE,,0,0,0
invisalign-weekday-lunch__subtle-null,lifeops-self-care,reminder_dispatch,null,subtle-null,2,True,,,4,1723,0.006515
habit.sit-ups-push-ups.daily-counts__direct,lifeops-self-care,reminder_dispatch,positive,direct,1,False,LIFE,OWNER_ROUTINES_CREATE,12,5832,0.054658
habit.sit-ups-push-ups.daily-counts__adult-formal,lifeops-self-care,reminder_dispatch,positive,adult-formal,1,False,LIFE,OWNER_ROUTINES_CREATE,12,8373,0.054569
habit.sit-ups-push-ups.daily-counts__childlike,lifeops-self-care,reminder_dispatch,positive,childlike,1.05,False,LIFE,OWNER_ROUTINES_CREATE,12,3846,0.039644
habit.sit-ups-push-ups.daily-counts__broken-english,lifeops-self-care,reminder_dispatch,edge,broken-english,1.2,False,LIFE,OWNER_ROUTINES_CREATE,12,5806,0.039877
habit.sit-ups-push-ups.daily-counts__naive-underspecified,lifeops-self-care,reminder_dispatch,edge,naive-underspecified,1.15,False,LIFE,OWNER_ROUTINES_CREATE,10,4633,0.034235
habit.sit-ups-push-ups.daily-counts__expert-shorthand,lifeops-self-care,reminder_dispatch,positive,expert-shorthand,1.1,False,LIFE,OWNER_ROUTINES_CREATE,12,4596,0.054314
habit.sit-ups-push-ups.daily-counts__distracted-rambling,lifeops-self-care,reminder_dispatch,edge,distracted-rambling,1.15,False,LIFE,OWNER_ROUTINES_CREATE,12,4258,0.039855
habit.sit-ups-push-ups.daily-counts__voice-asr,lifeops-self-care,reminder_dispatch,edge,voice-asr,1.1,False,LIFE,OWNER_ROUTINES_CREATE,12,4446,0.054304
habit.sit-ups-push-ups.daily-counts__self-correcting,lifeops-self-care,reminder_dispatch,edge,self-correcting,1.15,False,LIFE,OWNER_ROUTINES_CREATE,12,4831,0.055241
habit.sit-ups-push-ups.daily-counts__subtle-null,lifeops-self-care,reminder_dispatch,null,subtle-null,2,True,,,4,60682,0.006445
habit.morning-routine.full-stack__direct,lifeops-self-care,reminder_dispatch,positive,direct,1,False,LIFE,OWNER_ROUTINES_CREATE,12,5541,0.053953
habit.morning-routine.full-stack__adult-formal,lifeops-self-care,reminder_dispatch,positive,adult-formal,1,False,LIFE,OWNER_ROUTINES_CREATE,10,8137,0.046274
habit.morning-routine.full-stack__childlike,lifeops-self-care,reminder_dispatch,positive,childlike,1.05,False,LIFE,OWNER_ROUTINES_CREATE,12,4841,0.053997
habit.morning-routine.full-stack__broken-english,lifeops-self-care,reminder_dispatch,edge,broken-english,1.2,False,LIFE,OWNER_ROUTINES_CREATE,14,6451,0.061347
habit.morning-routine.full-stack__naive-underspecified,lifeops-self-care,reminder_dispatch,edge,naive-underspecified,1.15,False,LIFE,OWNER_ROUTINES_CREATE,12,8503,0.039462
habit.morning-routine.full-stack__expert-shorthand,lifeops-self-care,reminder_dispatch,positive,expert-shorthand,1.1,False,LIFE,OWNER_ROUTINES_CREATE,12,3684,0.053686
habit.morning-routine.full-stack__distracted-rambling,lifeops-self-care,reminder_dispatch,edge,distracted-rambling,1.15,False,LIFE,,0,0,0
habit.morning-routine.full-stack__voice-asr,lifeops-self-care,reminder_dispatch,edge,voice-asr,1.1,False,LIFE,OWNER_ROUTINES_CREATE,12,3410,0.039155
habit.morning-routine.full-stack__self-correcting,lifeops-self-care,reminder_dispatch,edge,self-correcting,1.15,False,LIFE,OWNER_ROUTINES_CREATE,12,4027,0.042644
habit.morning-routine.full-stack__subtle-null,lifeops-self-care,reminder_dispatch,null,subtle-null,2,True,,,4,1642,0.006392
habit.night-routine.full-stack__direct,lifeops-self-care,reminder_dispatch,positive,direct,1,False,LIFE,OWNER_ROUTINES_CREATE,12,4561,0.053873
habit.night-routine.full-stack__adult-formal,lifeops-self-care,reminder_dispatch,positive,adult-formal,1,False,LIFE,OWNER_ROUTINES_CREATE,12,4540,0.054227
habit.night-routine.full-stack__childlike,lifeops-self-care,reminder_dispatch,positive,childlike,1.05,False,LIFE,OWNER_ROUTINES_CREATE,12,6232,0.054193
habit.night-routine.full-stack__broken-english,lifeops-self-care,reminder_dispatch,edge,broken-english,1.2,False,LIFE,OWNER_ROUTINES_CREATE,12,6108,0.039445
habit.night-routine.full-stack__naive-underspecified,lifeops-self-care,reminder_dispatch,edge,naive-underspecified,1.15,False,LIFE,OWNER_ROUTINES_CREATE,12,5974,0.039868
habit.night-routine.full-stack__expert-shorthand,lifeops-self-care,reminder_dispatch,positive,expert-shorthand,1.1,False,LIFE,OWNER_ROUTINES_CREATE,10,3697,0.033789
habit.night-routine.full-stack__distracted-rambling,lifeops-self-care,reminder_dispatch,edge,distracted-rambling,1.15,False,LIFE,OWNER_ROUTINES_CREATE,10,8293,0.034138
habit.night-routine.full-stack__voice-asr,lifeops-self-care,reminder_dispatch,edge,voice-asr,1.1,False,LIFE,,0,0,0
habit.night-routine.full-stack__self-correcting,lifeops-self-care,reminder_dispatch,edge,self-correcting,1.15,False,LIFE,OWNER_ROUTINES_CREATE,12,4431,0.039997
habit.night-routine.full-stack__subtle-null,lifeops-self-care,reminder_dispatch,null,subtle-null,2,True,,,4,1568,0.006433
ea.schedule.protect-sleep-window__direct,lifeops-executive-assistant,health_checkin,positive,direct,1,False,CALENDAR,,12,4018,0.06589
ea.schedule.protect-sleep-window__adult-formal,lifeops-executive-assistant,health_checkin,positive,adult-formal,1,False,CALENDAR,OWNER_ROUTINES_CREATE,12,4138,0.041813
ea.schedule.protect-sleep-window__childlike,lifeops-executive-assistant,health_checkin,positive,childlike,1.05,False,CALENDAR,BLOCK,10,3189,0.042331
ea.schedule.protect-sleep-window__broken-english,lifeops-executive-assistant,health_checkin,edge,broken-english,1.2,False,CALENDAR,,14,7098,0.089828
ea.schedule.protect-sleep-window__naive-underspecified,lifeops-executive-assistant,health_checkin,edge,naive-underspecified,1.15,False,CALENDAR,,0,0,0
ea.schedule.protect-sleep-window__expert-shorthand,lifeops-executive-assistant,health_checkin,positive,expert-shorthand,1.1,False,CALENDAR,,12,4350,0.080293
ea.schedule.protect-sleep-window__distracted-rambling,lifeops-executive-assistant,health_checkin,edge,distracted-rambling,1.15,False,CALENDAR,BLOCK,12,4081,0.056699
ea.schedule.protect-sleep-window__voice-asr,lifeops-executive-assistant,health_checkin,edge,voice-asr,1.1,False,CALENDAR,BLOCK,10,4213,0.042475
ea.schedule.protect-sleep-window__self-correcting,lifeops-executive-assistant,health_checkin,edge,self-correcting,1.15,False,CALENDAR,,12,4658,0.081224
ea.schedule.protect-sleep-window__subtle-null,lifeops-executive-assistant,health_checkin,null,subtle-null,2,True,,,4,1834,0.006428
ea.schedule.travel-blackout-reschedule__direct,lifeops-executive-assistant,calendar_extract,positive,direct,1,False,CALENDAR,,0,0,0
ea.schedule.travel-blackout-reschedule__adult-formal,lifeops-executive-assistant,calendar_extract,positive,adult-formal,1,True,CALENDAR,CALENDAR_BULK_RESCHEDULE,18,26323,0.096492
ea.schedule.travel-blackout-reschedule__childlike,lifeops-executive-assistant,calendar_extract,positive,childlike,1.05,True,CALENDAR,CALENDAR_BULK_RESCHEDULE,16,7235,0.08902
ea.schedule.travel-blackout-reschedule__broken-english,lifeops-executive-assistant,calendar_extract,edge,broken-english,1.2,True,CALENDAR,CALENDAR_BULK_RESCHEDULE,18,7539,0.098724
ea.schedule.travel-blackout-reschedule__naive-underspecified,lifeops-executive-assistant,calendar_extract,edge,naive-underspecified,1.15,True,CALENDAR,CALENDAR_BULK_RESCHEDULE,6,4085,0.04437
ea.schedule.travel-blackout-reschedule__expert-shorthand,lifeops-executive-assistant,calendar_extract,positive,expert-shorthand,1.1,True,CALENDAR,CALENDAR_BULK_RESCHEDULE,6,6310,0.044596
ea.schedule.travel-blackout-reschedule__distracted-rambling,lifeops-executive-assistant,calendar_extract,edge,distracted-rambling,1.15,True,CALENDAR,CALENDAR_BULK_RESCHEDULE,6,3928,0.044664
ea.schedule.travel-blackout-reschedule__voice-asr,lifeops-executive-assistant,calendar_extract,edge,voice-asr,1.1,True,CALENDAR,CALENDAR_BULK_RESCHEDULE,6,4077,0.04468
ea.schedule.travel-blackout-reschedule__self-correcting,lifeops-executive-assistant,calendar_extract,edge,self-correcting,1.15,False,CALENDAR,,0,0,0
ea.schedule.travel-blackout-reschedule__subtle-null,lifeops-executive-assistant,calendar_extract,null,subtle-null,2,True,,,4,1767,0.006408
ea.schedule.bundle-meetings-while-traveling__direct,lifeops-executive-assistant,morning_brief,positive,direct,1,False,CALENDAR,,0,0,0
ea.schedule.bundle-meetings-while-traveling__adult-formal,lifeops-executive-assistant,morning_brief,positive,adult-formal,1,True,CALENDAR,CALENDAR_SEARCH_EVENTS,20,12062,0.13746
ea.schedule.bundle-meetings-while-traveling__childlike,lifeops-executive-assistant,morning_brief,positive,childlike,1.05,False,CALENDAR,ENTITY,10,6303,0.08455
ea.schedule.bundle-meetings-while-traveling__broken-english,lifeops-executive-assistant,morning_brief,edge,broken-english,1.2,False,CALENDAR,,0,0,0
ea.schedule.bundle-meetings-while-traveling__naive-underspecified,lifeops-executive-assistant,morning_brief,edge,naive-underspecified,1.15,False,CALENDAR,ENTITY,10,7295,0.084638
ea.schedule.bundle-meetings-while-traveling__expert-shorthand,lifeops-executive-assistant,morning_brief,positive,expert-shorthand,1.1,True,CALENDAR,CALENDAR_PROPOSE_TIMES,12,6041,0.092278
ea.schedule.bundle-meetings-while-traveling__distracted-rambling,lifeops-executive-assistant,morning_brief,edge,distracted-rambling,1.15,False,CALENDAR,,0,0,0
ea.schedule.bundle-meetings-while-traveling__voice-asr,lifeops-executive-assistant,morning_brief,edge,voice-asr,1.1,False,CALENDAR,ENTITY,12,8470,0.091679
ea.schedule.bundle-meetings-while-traveling__self-correcting,lifeops-executive-assistant,morning_brief,edge,self-correcting,1.15,True,CALENDAR,CALENDAR_PROPOSE_TIMES,8,5650,0.051536
ea.schedule.bundle-meetings-while-traveling__subtle-null,lifeops-executive-assistant,morning_brief,null,subtle-null,2,True,,,4,1706,0.006463
ea.followup.repair-missed-call-and-reschedule__direct,lifeops-executive-assistant,inbox_triage,positive,direct,1,False,MESSAGE,,0,0,0
ea.followup.repair-missed-call-and-reschedule__adult-formal,lifeops-executive-assistant,inbox_triage,positive,adult-formal,1,False,MESSAGE,,0,0,0
ea.followup.repair-missed-call-and-reschedule__childlike,lifeops-executive-assistant,inbox_triage,positive,childlike,1.05,False,MESSAGE,,0,0,0
ea.followup.repair-missed-call-and-reschedule__broken-english,lifeops-executive-assistant,inbox_triage,edge,broken-english,1.2,False,MESSAGE,,0,0,0
ea.followup.repair-missed-call-and-reschedule__naive-underspecified,lifeops-executive-assistant,inbox_triage,edge,naive-underspecified,1.15,False,MESSAGE,,0,0,0
ea.followup.repair-missed-call-and-reschedule__expert-shorthand,lifeops-executive-assistant,inbox_triage,positive,expert-shorthand,1.1,False,MESSAGE,,0,0,0
ea.followup.repair-missed-call-and-reschedule__distracted-rambling,lifeops-executive-assistant,inbox_triage,edge,distracted-rambling,1.15,False,MESSAGE,,0,0,0
ea.followup.repair-missed-call-and-reschedule__voice-asr,lifeops-executive-assistant,inbox_triage,edge,voice-asr,1.1,False,MESSAGE,,0,0,0
ea.followup.repair-missed-call-and-reschedule__self-correcting,lifeops-executive-assistant,inbox_triage,edge,self-correcting,1.15,False,MESSAGE,,0,0,0
ea.followup.repair-missed-call-and-reschedule__subtle-null,lifeops-executive-assistant,calendar_extract,null,subtle-null,2,False,,,0,0,0
ea.followup.bump-unanswered-decision__direct,lifeops-executive-assistant,inbox_triage,positive,direct,1,False,INBOX,OWNER_REMINDERS_CREATE,12,7450,0.055446
ea.followup.bump-unanswered-decision__adult-formal,lifeops-executive-assistant,inbox_triage,positive,adult-formal,1,False,INBOX,OWNER_REMINDERS_CREATE,12,5000,0.04306
ea.followup.bump-unanswered-decision__childlike,lifeops-executive-assistant,inbox_triage,positive,childlike,1.05,False,INBOX,OWNER_REMINDERS_CREATE,12,4944,0.043019
ea.followup.bump-unanswered-decision__broken-english,lifeops-executive-assistant,inbox_triage,edge,broken-english,1.2,False,INBOX,,0,0,0
ea.followup.bump-unanswered-decision__naive-underspecified,lifeops-executive-assistant,inbox_triage,edge,naive-underspecified,1.15,False,INBOX,OWNER_REMINDERS_CREATE,12,9973,0.055567
ea.followup.bump-unanswered-decision__expert-shorthand,lifeops-executive-assistant,inbox_triage,positive,expert-shorthand,1.1,False,INBOX,SCHEDULED_TASKS_LIST,8,4421,0.039864
ea.followup.bump-unanswered-decision__distracted-rambling,lifeops-executive-assistant,inbox_triage,edge,distracted-rambling,1.15,False,INBOX,,4,1681,0.006298
ea.followup.bump-unanswered-decision__voice-asr,lifeops-executive-assistant,inbox_triage,edge,voice-asr,1.1,False,INBOX,OWNER_REMINDERS_CREATE,12,7827,0.055935
ea.followup.bump-unanswered-decision__self-correcting,lifeops-executive-assistant,inbox_triage,edge,self-correcting,1.15,False,INBOX,OWNER_REMINDERS_CREATE,12,5139,0.043272
ea.followup.bump-unanswered-decision__subtle-null,lifeops-executive-assistant,reminder_dispatch,null,subtle-null,2,True,,,4,1745,0.006293
ea.inbox.daily-brief-cross-channel__direct,lifeops-executive-assistant,morning_brief,positive,direct,1,True,MESSAGE,OWNER_REMINDERS,22,10113,0.083637
ea.inbox.daily-brief-cross-channel__adult-formal,lifeops-executive-assistant,morning_brief,positive,adult-formal,1,True,MESSAGE,OWNER_REMINDERS,22,7432,0.077482
ea.inbox.daily-brief-cross-channel__childlike,lifeops-executive-assistant,morning_brief,positive,childlike,1.05,False,MESSAGE,,0,0,0
ea.inbox.daily-brief-cross-channel__broken-english,lifeops-executive-assistant,morning_brief,edge,broken-english,1.2,False,MESSAGE,,0,0,0
ea.inbox.daily-brief-cross-channel__naive-underspecified,lifeops-executive-assistant,morning_brief,edge,naive-underspecified,1.15,True,MESSAGE,CALENDAR_NEXT_EVENT,28,10204,0.080025
ea.inbox.daily-brief-cross-channel__expert-shorthand,lifeops-executive-assistant,morning_brief,positive,expert-shorthand,1.1,True,MESSAGE,CALENDAR_NEXT_EVENT,28,11225,0.07985
ea.inbox.daily-brief-cross-channel__distracted-rambling,lifeops-executive-assistant,morning_brief,edge,distracted-rambling,1.15,True,MESSAGE,CALENDAR_NEXT_EVENT,28,9562,0.080569
ea.inbox.daily-brief-cross-channel__voice-asr,lifeops-executive-assistant,morning_brief,edge,voice-asr,1.1,False,MESSAGE,SCHEDULED_TASKS_LIST,6,6020,0.048254
ea.inbox.daily-brief-cross-channel__self-correcting,lifeops-executive-assistant,morning_brief,edge,self-correcting,1.15,False,MESSAGE,,0,0,0
ea.inbox.daily-brief-cross-channel__subtle-null,lifeops-executive-assistant,morning_brief,null,subtle-null,2,True,,,4,1628,0.007139
ea.inbox.daily-brief-includes-unsent-drafts__direct,lifeops-executive-assistant,morning_brief,positive,direct,1,False,CHECKIN,BRIEF_COMPOSE_MORNING,12,3753,0.039012
ea.inbox.daily-brief-includes-unsent-drafts__adult-formal,lifeops-executive-assistant,morning_brief,positive,adult-formal,1,False,CHECKIN,SCHEDULED_TASKS_LIST,12,3982,0.066105
ea.inbox.daily-brief-includes-unsent-drafts__childlike,lifeops-executive-assistant,morning_brief,positive,childlike,1.05,False,CHECKIN,SCHEDULED_TASKS_LIST,6,4091,0.044214
ea.inbox.daily-brief-includes-unsent-drafts__broken-english,lifeops-executive-assistant,morning_brief,edge,broken-english,1.2,False,CHECKIN,,10,5853,0.047941
ea.inbox.daily-brief-includes-unsent-drafts__naive-underspecified,lifeops-executive-assistant,morning_brief,edge,naive-underspecified,1.15,False,CHECKIN,,10,5414,0.047821
ea.inbox.daily-brief-includes-unsent-drafts__expert-shorthand,lifeops-executive-assistant,morning_brief,positive,expert-shorthand,1.1,False,CHECKIN,BRIEF_COMPOSE_MORNING,10,3564,0.035971
ea.inbox.daily-brief-includes-unsent-drafts__distracted-rambling,lifeops-executive-assistant,morning_brief,edge,distracted-rambling,1.15,False,CHECKIN,,0,0,0
ea.inbox.daily-brief-includes-unsent-drafts__voice-asr,lifeops-executive-assistant,morning_brief,edge,voice-asr,1.1,False,CHECKIN,SCHEDULED_TASKS_LIST,8,3397,0.02613
ea.inbox.daily-brief-includes-unsent-drafts__self-correcting,lifeops-executive-assistant,morning_brief,edge,self-correcting,1.15,False,CHECKIN,BRIEF_COMPOSE_MORNING,12,4180,0.056494
ea.inbox.daily-brief-includes-unsent-drafts__subtle-null,lifeops-executive-assistant,morning_brief,null,subtle-null,2,True,,,4,1584,0.006545
ea.inbox.priority-ranks-urgent-before-low__direct,lifeops-executive-assistant,morning_brief,positive,direct,1,False,MESSAGE,SCHEDULED_TASKS_LIST,12,6102,0.063409
ea.inbox.priority-ranks-urgent-before-low__adult-formal,lifeops-executive-assistant,morning_brief,positive,adult-formal,1,False,MESSAGE,SCHEDULED_TASKS_LIST,8,3237,0.040398
ea.inbox.priority-ranks-urgent-before-low__childlike,lifeops-executive-assistant,morning_brief,positive,childlike,1.05,False,MESSAGE,,0,0,0
ea.inbox.priority-ranks-urgent-before-low__broken-english,lifeops-executive-assistant,morning_brief,edge,broken-english,1.2,False,MESSAGE,SCHEDULED_TASKS_LIST,8,3662,0.036432
ea.inbox.priority-ranks-urgent-before-low__naive-underspecified,lifeops-executive-assistant,morning_brief,edge,naive-underspecified,1.15,False,MESSAGE,SCHEDULED_TASKS_LIST,12,4694,0.062436
ea.inbox.priority-ranks-urgent-before-low__expert-shorthand,lifeops-executive-assistant,morning_brief,positive,expert-shorthand,1.1,False,MESSAGE,SCHEDULED_TASKS_LIST,12,5168,0.062752
ea.inbox.priority-ranks-urgent-before-low__distracted-rambling,lifeops-executive-assistant,morning_brief,edge,distracted-rambling,1.15,False,MESSAGE,SCHEDULED_TASKS_LIST,8,4051,0.035769
ea.inbox.priority-ranks-urgent-before-low__voice-asr,lifeops-executive-assistant,morning_brief,edge,voice-asr,1.1,False,MESSAGE,SCHEDULED_TASKS_LIST,8,4313,0.035324
ea.inbox.priority-ranks-urgent-before-low__self-correcting,lifeops-executive-assistant,morning_brief,edge,self-correcting,1.15,False,MESSAGE,,12,4765,0.063106
ea.inbox.priority-ranks-urgent-before-low__subtle-null,lifeops-executive-assistant,morning_brief,null,subtle-null,2,True,,,4,1796,0.006195
ea.inbox.propose-group-chat-handoff__direct,lifeops-executive-assistant,inbox_triage,positive,direct,1,False,MESSAGE,,4,2031,0.006197
ea.inbox.propose-group-chat-handoff__adult-formal,lifeops-executive-assistant,inbox_triage,positive,adult-formal,1,False,MESSAGE,,4,1478,0.006194
ea.inbox.propose-group-chat-handoff__childlike,lifeops-executive-assistant,inbox_triage,positive,childlike,1.05,False,MESSAGE,,4,1459,0.006351
ea.inbox.propose-group-chat-handoff__broken-english,lifeops-executive-assistant,inbox_triage,edge,broken-english,1.2,False,MESSAGE,INBOX_TRIAGE,8,5472,0.037394
ea.inbox.propose-group-chat-handoff__naive-underspecified,lifeops-executive-assistant,inbox_triage,edge,naive-underspecified,1.15,False,MESSAGE,,4,1421,0.006444
ea.inbox.propose-group-chat-handoff__expert-shorthand,lifeops-executive-assistant,inbox_triage,positive,expert-shorthand,1.1,False,MESSAGE,,4,1381,0.006251
ea.inbox.propose-group-chat-handoff__distracted-rambling,lifeops-executive-assistant,inbox_triage,edge,distracted-rambling,1.15,False,MESSAGE,,4,1464,0.006351
ea.inbox.propose-group-chat-handoff__voice-asr,lifeops-executive-assistant,inbox_triage,edge,voice-asr,1.1,False,MESSAGE,INBOX_TRIAGE,8,3587,0.037082
ea.inbox.propose-group-chat-handoff__self-correcting,lifeops-executive-assistant,inbox_triage,edge,self-correcting,1.15,False,MESSAGE,,4,1362,0.006343
ea.inbox.propose-group-chat-handoff__subtle-null,lifeops-executive-assistant,inbox_triage,null,subtle-null,2,True,,,4,1387,0.006257
ea.travel.capture-booking-preferences__direct,lifeops-executive-assistant,reminder_dispatch,positive,direct,1,False,PROFILE,,14,3753,0.024671
ea.travel.capture-booking-preferences__adult-formal,lifeops-executive-assistant,reminder_dispatch,positive,adult-formal,1,False,PROFILE,DOCUMENT,12,4429,0.023786
ea.travel.capture-booking-preferences__childlike,lifeops-executive-assistant,reminder_dispatch,positive,childlike,1.05,False,PROFILE,DOCUMENT,8,3185,0.01674
ea.travel.capture-booking-preferences__broken-english,lifeops-executive-assistant,reminder_dispatch,edge,broken-english,1.2,False,PROFILE,,14,3914,0.024935
ea.travel.capture-booking-preferences__naive-underspecified,lifeops-executive-assistant,reminder_dispatch,edge,naive-underspecified,1.15,False,PROFILE,,12,3749,0.024746
ea.travel.capture-booking-preferences__expert-shorthand,lifeops-executive-assistant,reminder_dispatch,positive,expert-shorthand,1.1,False,PROFILE,DOCUMENT,8,2453,0.016972
ea.travel.capture-booking-preferences__distracted-rambling,lifeops-executive-assistant,reminder_dispatch,edge,distracted-rambling,1.15,False,PROFILE,DOCUMENT,6,2638,0.010764
ea.travel.capture-booking-preferences__voice-asr,lifeops-executive-assistant,reminder_dispatch,edge,voice-asr,1.1,False,PROFILE,DOCUMENT,8,2498,0.016692
ea.travel.capture-booking-preferences__self-correcting,lifeops-executive-assistant,reminder_dispatch,edge,self-correcting,1.15,False,PROFILE,DOCUMENT,8,2476,0.015898
ea.travel.capture-booking-preferences__subtle-null,lifeops-executive-assistant,reminder_dispatch,null,subtle-null,2,True,,,4,1421,0.006239
ea.travel.book-after-approval__direct,lifeops-executive-assistant,reminder_dispatch,positive,direct,1,True,BOOK_TRAVEL,PERSONAL_ASSISTANT_BOOK_TRAVEL,8,4405,0.042274
ea.travel.book-after-approval__adult-formal,lifeops-executive-assistant,reminder_dispatch,positive,adult-formal,1,True,BOOK_TRAVEL,PERSONAL_ASSISTANT_BOOK_TRAVEL,8,2617,0.042507
ea.travel.book-after-approval__childlike,lifeops-executive-assistant,reminder_dispatch,positive,childlike,1.05,False,BOOK_TRAVEL,,0,0,0
ea.travel.book-after-approval__broken-english,lifeops-executive-assistant,reminder_dispatch,edge,broken-english,1.2,True,BOOK_TRAVEL,PERSONAL_ASSISTANT_BOOK_TRAVEL,8,3553,0.04261
ea.travel.book-after-approval__naive-underspecified,lifeops-executive-assistant,reminder_dispatch,edge,naive-underspecified,1.15,True,BOOK_TRAVEL,PERSONAL_ASSISTANT_BOOK_TRAVEL,6,2801,0.03784
ea.travel.book-after-approval__expert-shorthand,lifeops-executive-assistant,reminder_dispatch,positive,expert-shorthand,1.1,True,BOOK_TRAVEL,PERSONAL_ASSISTANT_BOOK_TRAVEL,6,2848,0.037922
ea.travel.book-after-approval__distracted-rambling,lifeops-executive-assistant,reminder_dispatch,edge,distracted-rambling,1.15,False,BOOK_TRAVEL,,0,0,0
ea.travel.book-after-approval__voice-asr,lifeops-executive-assistant,reminder_dispatch,edge,voice-asr,1.1,True,BOOK_TRAVEL,PERSONAL_ASSISTANT_BOOK_TRAVEL,8,5148,0.042435
ea.travel.book-after-approval__self-correcting,lifeops-executive-assistant,reminder_dispatch,edge,self-correcting,1.15,True,BOOK_TRAVEL,PERSONAL_ASSISTANT_BOOK_TRAVEL,8,3137,0.042809
ea.travel.book-after-approval__subtle-null,lifeops-executive-assistant,reminder_dispatch,null,subtle-null,2,False,,PERSONAL_ASSISTANT_BOOK_TRAVEL,8,3312,0.042418
ea.travel.flight-conflict-rebooking__direct,lifeops-executive-assistant,schedule_plan,positive,direct,1,False,CALENDAR,CONFLICT_DETECT_SCAN_TODAY,12,5723,0.099521
ea.travel.flight-conflict-rebooking__adult-formal,lifeops-executive-assistant,schedule_plan,positive,adult-formal,1,False,CALENDAR,,0,0,0
ea.travel.flight-conflict-rebooking__childlike,lifeops-executive-assistant,schedule_plan,positive,childlike,1.05,False,CALENDAR,CONFLICT_DETECT_SCAN_TODAY,12,5242,0.091048
ea.travel.flight-conflict-rebooking__broken-english,lifeops-executive-assistant,schedule_plan,edge,broken-english,1.2,False,CALENDAR,,0,0,0
ea.travel.flight-conflict-rebooking__naive-underspecified,lifeops-executive-assistant,schedule_plan,edge,naive-underspecified,1.15,False,CALENDAR,CONFLICT_DETECT_SCAN_TODAY,12,5954,0.090938
ea.travel.flight-conflict-rebooking__expert-shorthand,lifeops-executive-assistant,schedule_plan,positive,expert-shorthand,1.1,False,CALENDAR,CONFLICT_DETECT_SCAN_TODAY,12,4836,0.091045
ea.travel.flight-conflict-rebooking__distracted-rambling,lifeops-executive-assistant,schedule_plan,edge,distracted-rambling,1.15,False,CALENDAR,,0,0,0
ea.travel.flight-conflict-rebooking__voice-asr,lifeops-executive-assistant,schedule_plan,edge,voice-asr,1.1,False,CALENDAR,CONFLICT_DETECT_SCAN_TODAY,12,3928,0.090804
ea.travel.flight-conflict-rebooking__self-correcting,lifeops-executive-assistant,schedule_plan,edge,self-correcting,1.15,False,CALENDAR,CONFLICT_DETECT_SCAN_TODAY,12,5342,0.091218
ea.travel.flight-conflict-rebooking__subtle-null,lifeops-executive-assistant,schedule_plan,null,subtle-null,2,True,,,4,1511,0.006328
ea.events.itinerary-brief-with-links__direct,lifeops-executive-assistant,morning_brief,positive,direct,1,True,CALENDAR,CALENDAR_SEARCH_EVENTS,26,9971,0.09312
ea.events.itinerary-brief-with-links__adult-formal,lifeops-executive-assistant,morning_brief,positive,adult-formal,1,False,CALENDAR,,0,0,0
ea.events.itinerary-brief-with-links__childlike,lifeops-executive-assistant,morning_brief,positive,childlike,1.05,True,CALENDAR,CALENDAR_SEARCH_EVENTS,28,7035,0.102961
ea.events.itinerary-brief-with-links__broken-english,lifeops-executive-assistant,morning_brief,edge,broken-english,1.2,True,CALENDAR,CALENDAR_FEED,16,4035,0.056037
ea.events.itinerary-brief-with-links__naive-underspecified,lifeops-executive-assistant,morning_brief,edge,naive-underspecified,1.15,False,CALENDAR,,0,0,0
ea.events.itinerary-brief-with-links__expert-shorthand,lifeops-executive-assistant,morning_brief,positive,expert-shorthand,1.1,True,CALENDAR,CALENDAR_SEARCH_EVENTS,28,6217,0.102831
ea.events.itinerary-brief-with-links__distracted-rambling,lifeops-executive-assistant,morning_brief,edge,distracted-rambling,1.15,True,CALENDAR,CALENDAR_SEARCH_EVENTS,28,6197,0.08951
ea.events.itinerary-brief-with-links__voice-asr,lifeops-executive-assistant,morning_brief,edge,voice-asr,1.1,True,CALENDAR,CALENDAR_SEARCH_EVENTS,28,7051,0.102822
ea.events.itinerary-brief-with-links__self-correcting,lifeops-executive-assistant,morning_brief,edge,self-correcting,1.15,True,CALENDAR,CALENDAR_FEED,16,6803,0.055674
ea.events.itinerary-brief-with-links__subtle-null,lifeops-executive-assistant,morning_brief,null,subtle-null,2,True,,,4,1488,0.006452
ea.events.asset-deadline-checklist__direct,lifeops-executive-assistant,inbox_triage,positive,direct,1,False,MESSAGE,DOCUMENT,8,4289,0.052516
ea.events.asset-deadline-checklist__adult-formal,lifeops-executive-assistant,inbox_triage,positive,adult-formal,1,False,MESSAGE,,0,0,0
ea.events.asset-deadline-checklist__childlike,lifeops-executive-assistant,inbox_triage,positive,childlike,1.05,True,MESSAGE,CALENDAR,20,6557,0.104825
ea.events.asset-deadline-checklist__broken-english,lifeops-executive-assistant,inbox_triage,edge,broken-english,1.2,False,MESSAGE,SCHEDULED_TASKS_LIST,8,3638,0.052394
ea.events.asset-deadline-checklist__naive-underspecified,lifeops-executive-assistant,inbox_triage,edge,naive-underspecified,1.15,False,MESSAGE,SCHEDULED_TASKS_LIST,8,3436,0.052229
ea.events.asset-deadline-checklist__expert-shorthand,lifeops-executive-assistant,inbox_triage,positive,expert-shorthand,1.1,False,MESSAGE,,0,0,0
ea.events.asset-deadline-checklist__distracted-rambling,lifeops-executive-assistant,inbox_triage,edge,distracted-rambling,1.15,False,MESSAGE,DOCUMENT,8,3194,0.038411
ea.events.asset-deadline-checklist__voice-asr,lifeops-executive-assistant,inbox_triage,edge,voice-asr,1.1,False,MESSAGE,DOCUMENT,8,3774,0.039412
ea.events.asset-deadline-checklist__self-correcting,lifeops-executive-assistant,inbox_triage,edge,self-correcting,1.15,False,MESSAGE,DOCUMENT,8,3153,0.04052
ea.events.asset-deadline-checklist__subtle-null,lifeops-executive-assistant,reminder_dispatch,null,subtle-null,2,False,,OWNER_REMINDERS_REVIEW,18,5451,0.07293
ea.docs.signature-before-appointment__direct,lifeops-executive-assistant,calendar_extract,positive,direct,1,False,DEVICE_INTENT,OWNER_REMINDERS_CREATE,12,3528,0.043051
ea.docs.signature-before-appointment__adult-formal,lifeops-executive-assistant,calendar_extract,positive,adult-formal,1,False,DEVICE_INTENT,PERSONAL_ASSISTANT,8,4469,0.057307
ea.docs.signature-before-appointment__childlike,lifeops-executive-assistant,calendar_extract,positive,childlike,1.05,False,DEVICE_INTENT,,0,0,0
ea.docs.signature-before-appointment__broken-english,lifeops-executive-assistant,calendar_extract,edge,broken-english,1.2,False,DEVICE_INTENT,PERSONAL_ASSISTANT,8,4897,0.054732
ea.docs.signature-before-appointment__naive-underspecified,lifeops-executive-assistant,calendar_extract,edge,naive-underspecified,1.15,False,DEVICE_INTENT,PERSONAL_ASSISTANT,8,5348,0.051908
ea.docs.signature-before-appointment__expert-shorthand,lifeops-executive-assistant,calendar_extract,positive,expert-shorthand,1.1,False,DEVICE_INTENT,PERSONAL_ASSISTANT,8,4774,0.057442
ea.docs.signature-before-appointment__distracted-rambling,lifeops-executive-assistant,calendar_extract,edge,distracted-rambling,1.15,False,DEVICE_INTENT,PERSONAL_ASSISTANT,8,2999,0.051965
ea.docs.signature-before-appointment__voice-asr,lifeops-executive-assistant,calendar_extract,edge,voice-asr,1.1,False,DEVICE_INTENT,,0,0,0
ea.docs.signature-before-appointment__self-correcting,lifeops-executive-assistant,calendar_extract,edge,self-correcting,1.15,False,DEVICE_INTENT,PERSONAL_ASSISTANT,8,3477,0.052551
ea.docs.signature-before-appointment__subtle-null,lifeops-executive-assistant,calendar_extract,null,subtle-null,2,True,,,4,1435,0.006307
ea.docs.portal-upload-from-chat__direct,lifeops-executive-assistant,reminder_dispatch,positive,direct,1,False,COMPUTER_USE,,2,1066,0.003106
ea.docs.portal-upload-from-chat__adult-formal,lifeops-executive-assistant,reminder_dispatch,positive,adult-formal,1,False,COMPUTER_USE,,2,1062,0.002713
ea.docs.portal-upload-from-chat__childlike,lifeops-executive-assistant,reminder_dispatch,positive,childlike,1.05,False,COMPUTER_USE,,2,1056,0.002727
ea.docs.portal-upload-from-chat__broken-english,lifeops-executive-assistant,reminder_dispatch,edge,broken-english,1.2,False,COMPUTER_USE,,2,1064,0.002709
ea.docs.portal-upload-from-chat__naive-underspecified,lifeops-executive-assistant,reminder_dispatch,edge,naive-underspecified,1.15,False,COMPUTER_USE,,2,1065,0.002798
ea.docs.portal-upload-from-chat__expert-shorthand,lifeops-executive-assistant,reminder_dispatch,positive,expert-shorthand,1.1,False,COMPUTER_USE,,2,1065,0.002756
ea.docs.portal-upload-from-chat__distracted-rambling,lifeops-executive-assistant,reminder_dispatch,edge,distracted-rambling,1.15,False,COMPUTER_USE,,2,1058,0.002822
ea.docs.portal-upload-from-chat__voice-asr,lifeops-executive-assistant,reminder_dispatch,edge,voice-asr,1.1,False,COMPUTER_USE,,2,1073,0.002734
ea.docs.portal-upload-from-chat__self-correcting,lifeops-executive-assistant,reminder_dispatch,edge,self-correcting,1.15,False,COMPUTER_USE,,2,1058,0.002868
ea.docs.portal-upload-from-chat__subtle-null,lifeops-executive-assistant,reminder_dispatch,null,subtle-null,2,True,,,2,1057,0.002789
ea.docs.collect-id-copy-for-workflow__direct,lifeops-executive-assistant,reminder_dispatch,positive,direct,1,False,DEVICE_INTENT,,14,3152,0.02443
ea.docs.collect-id-copy-for-workflow__adult-formal,lifeops-executive-assistant,reminder_dispatch,positive,adult-formal,1,False,DEVICE_INTENT,,14,5033,0.02478
ea.docs.collect-id-copy-for-workflow__childlike,lifeops-executive-assistant,reminder_dispatch,positive,childlike,1.05,False,DEVICE_INTENT,,12,6326,0.024722
ea.docs.collect-id-copy-for-workflow__broken-english,lifeops-executive-assistant,reminder_dispatch,edge,broken-english,1.2,False,DEVICE_INTENT,SCHEDULED_TASKS_CREATE,14,10739,0.09299
ea.docs.collect-id-copy-for-workflow__naive-underspecified,lifeops-executive-assistant,reminder_dispatch,edge,naive-underspecified,1.15,False,DEVICE_INTENT,SCHEDULED_TASKS_CREATE,22,8252,0.154226
ea.docs.collect-id-copy-for-workflow__expert-shorthand,lifeops-executive-assistant,reminder_dispatch,positive,expert-shorthand,1.1,False,DEVICE_INTENT,,14,3172,0.024596
ea.docs.collect-id-copy-for-workflow__distracted-rambling,lifeops-executive-assistant,reminder_dispatch,edge,distracted-rambling,1.15,False,DEVICE_INTENT,,12,3080,0.020063
ea.docs.collect-id-copy-for-workflow__voice-asr,lifeops-executive-assistant,reminder_dispatch,edge,voice-asr,1.1,False,DEVICE_INTENT,,0,0,0
ea.docs.collect-id-copy-for-workflow__self-correcting,lifeops-executive-assistant,reminder_dispatch,edge,self-correcting,1.15,False,DEVICE_INTENT,,14,4933,0.024878
ea.docs.collect-id-copy-for-workflow__subtle-null,lifeops-executive-assistant,reminder_dispatch,null,subtle-null,2,True,,,4,1534,0.006514
ea.push.multi-device-meeting-ladder__direct,lifeops-executive-assistant,reminder_dispatch,positive,direct,1,True,DEVICE_INTENT,CALENDAR,10,7014,0.052299
ea.push.multi-device-meeting-ladder__adult-formal,lifeops-executive-assistant,reminder_dispatch,positive,adult-formal,1,True,DEVICE_INTENT,CALENDAR,18,7207,0.057551
ea.push.multi-device-meeting-ladder__childlike,lifeops-executive-assistant,reminder_dispatch,positive,childlike,1.05,True,DEVICE_INTENT,CALENDAR,24,8857,0.102265
ea.push.multi-device-meeting-ladder__broken-english,lifeops-executive-assistant,reminder_dispatch,edge,broken-english,1.2,False,DEVICE_INTENT,OWNER_REMINDERS,12,3643,0.043788
ea.push.multi-device-meeting-ladder__naive-underspecified,lifeops-executive-assistant,reminder_dispatch,edge,naive-underspecified,1.15,True,DEVICE_INTENT,SCHEDULED_TASKS_LIST,16,10038,0.097148
ea.push.multi-device-meeting-ladder__expert-shorthand,lifeops-executive-assistant,reminder_dispatch,positive,expert-shorthand,1.1,True,DEVICE_INTENT,CALENDAR,10,6050,0.052216
ea.push.multi-device-meeting-ladder__distracted-rambling,lifeops-executive-assistant,reminder_dispatch,edge,distracted-rambling,1.15,False,DEVICE_INTENT,OWNER_REMINDERS_CREATE,10,4265,0.038445
ea.push.multi-device-meeting-ladder__voice-asr,lifeops-executive-assistant,reminder_dispatch,edge,voice-asr,1.1,False,DEVICE_INTENT,,0,0,0
ea.push.multi-device-meeting-ladder__self-correcting,lifeops-executive-assistant,reminder_dispatch,edge,self-correcting,1.15,True,DEVICE_INTENT,CALENDAR,10,15117,0.052363
ea.push.multi-device-meeting-ladder__subtle-null,lifeops-executive-assistant,reminder_dispatch,null,subtle-null,2,True,,,4,5535,0.006435
ea.push.cancellation-fee-warning__direct,lifeops-executive-assistant,reminder_dispatch,positive,direct,1,False,DEVICE_INTENT,,4,2030,0.006313
ea.push.cancellation-fee-warning__adult-formal,lifeops-executive-assistant,reminder_dispatch,positive,adult-formal,1,True,DEVICE_INTENT,CALENDAR_NEXT_EVENT,30,13839,0.097291
ea.push.cancellation-fee-warning__childlike,lifeops-executive-assistant,reminder_dispatch,positive,childlike,1.05,False,DEVICE_INTENT,,4,1739,0.006478
ea.push.cancellation-fee-warning__broken-english,lifeops-executive-assistant,reminder_dispatch,edge,broken-english,1.2,False,DEVICE_INTENT,OWNER_ROUTINES_CREATE,12,6376,0.034035
ea.push.cancellation-fee-warning__naive-underspecified,lifeops-executive-assistant,reminder_dispatch,edge,naive-underspecified,1.15,True,DEVICE_INTENT,CALENDAR_SEARCH_EVENTS,20,9634,0.05645
ea.push.cancellation-fee-warning__expert-shorthand,lifeops-executive-assistant,reminder_dispatch,positive,expert-shorthand,1.1,True,DEVICE_INTENT,CALENDAR_NEXT_EVENT,20,6726,0.055433
ea.push.cancellation-fee-warning__distracted-rambling,lifeops-executive-assistant,reminder_dispatch,edge,distracted-rambling,1.15,False,DEVICE_INTENT,,4,1582,0.006371
ea.push.cancellation-fee-warning__voice-asr,lifeops-executive-assistant,reminder_dispatch,edge,voice-asr,1.1,False,DEVICE_INTENT,OWNER_FINANCES_SUBSCRIPTION_AUDIT,8,3931,0.029084
ea.push.cancellation-fee-warning__self-correcting,lifeops-executive-assistant,reminder_dispatch,edge,self-correcting,1.15,False,DEVICE_INTENT,,4,1694,0.006543
ea.push.cancellation-fee-warning__subtle-null,lifeops-executive-assistant,reminder_dispatch,null,subtle-null,2,True,,,4,1657,0.006373
ea.remote.stuck-agent-calls-user__direct,lifeops-executive-assistant,reminder_dispatch,positive,direct,1,False,VOICE_CALL,,4,1989,0.006385
ea.remote.stuck-agent-calls-user__adult-formal,lifeops-executive-assistant,reminder_dispatch,positive,adult-formal,1,False,VOICE_CALL,,4,2377,0.006433
ea.remote.stuck-agent-calls-user__childlike,lifeops-executive-assistant,reminder_dispatch,positive,childlike,1.05,False,VOICE_CALL,,4,2051,0.006473
ea.remote.stuck-agent-calls-user__broken-english,lifeops-executive-assistant,reminder_dispatch,edge,broken-english,1.2,False,VOICE_CALL,,4,2217,0.006495
ea.remote.stuck-agent-calls-user__naive-underspecified,lifeops-executive-assistant,reminder_dispatch,edge,naive-underspecified,1.15,False,VOICE_CALL,,4,2350,0.006523
ea.remote.stuck-agent-calls-user__expert-shorthand,lifeops-executive-assistant,reminder_dispatch,positive,expert-shorthand,1.1,False,VOICE_CALL,,4,2031,0.006287
ea.remote.stuck-agent-calls-user__distracted-rambling,lifeops-executive-assistant,reminder_dispatch,edge,distracted-rambling,1.15,False,VOICE_CALL,,4,1686,0.006363
ea.remote.stuck-agent-calls-user__voice-asr,lifeops-executive-assistant,reminder_dispatch,edge,voice-asr,1.1,False,VOICE_CALL,,4,1786,0.006297
ea.remote.stuck-agent-calls-user__self-correcting,lifeops-executive-assistant,reminder_dispatch,edge,self-correcting,1.15,False,VOICE_CALL,,4,1742,0.006589
ea.remote.stuck-agent-calls-user__subtle-null,lifeops-executive-assistant,reminder_dispatch,null,subtle-null,2,True,,,4,1760,0.00636
